-- MySQL dump 10.13  Distrib 8.0.33, for Win64 (x86_64)
--
-- Host: 127.0.0.1    Database: peopledb
-- ------------------------------------------------------
-- Server version	8.0.33

/*!40101 SET @OLD_CHARACTER_SET_CLIENT=@@CHARACTER_SET_CLIENT */;
/*!40101 SET @OLD_CHARACTER_SET_RESULTS=@@CHARACTER_SET_RESULTS */;
/*!40101 SET @OLD_COLLATION_CONNECTION=@@COLLATION_CONNECTION */;
/*!50503 SET NAMES utf8 */;
/*!40103 SET @OLD_TIME_ZONE=@@TIME_ZONE */;
/*!40103 SET TIME_ZONE='+00:00' */;
/*!40014 SET @OLD_UNIQUE_CHECKS=@@UNIQUE_CHECKS, UNIQUE_CHECKS=0 */;
/*!40014 SET @OLD_FOREIGN_KEY_CHECKS=@@FOREIGN_KEY_CHECKS, FOREIGN_KEY_CHECKS=0 */;
/*!40101 SET @OLD_SQL_MODE=@@SQL_MODE, SQL_MODE='NO_AUTO_VALUE_ON_ZERO' */;
/*!40111 SET @OLD_SQL_NOTES=@@SQL_NOTES, SQL_NOTES=0 */;

--
-- Table structure for table `company`
--

DROP TABLE IF EXISTS `company`;
/*!40101 SET @saved_cs_client     = @@character_set_client */;
/*!50503 SET character_set_client = utf8mb4 */;
CREATE TABLE `company` (
  `id` bigint NOT NULL AUTO_INCREMENT,
  `name` varchar(20) NOT NULL,
  `boss_id` bigint DEFAULT NULL,
  PRIMARY KEY (`id`),
  UNIQUE KEY `id` (`id`),
  KEY `boss_id` (`boss_id`),
  CONSTRAINT `company_ibfk_1` FOREIGN KEY (`boss_id`) REFERENCES `person` (`id`)
) ENGINE=InnoDB AUTO_INCREMENT=9 DEFAULT CHARSET=utf8mb4 COLLATE=utf8mb4_0900_ai_ci;
/*!40101 SET character_set_client = @saved_cs_client */;

--
-- Dumping data for table `company`
--

LOCK TABLES `company` WRITE;
/*!40000 ALTER TABLE `company` DISABLE KEYS */;
INSERT INTO `company` (`id`, `name`, `boss_id`) VALUES (1,'alfa',2),(2,'beta',15),(3,'gamma',24),(4,'delta',31),(5,'epsilon',48),(6,'eta',55),(7,'sigma',63),(8,'tau',72);
/*!40000 ALTER TABLE `company` ENABLE KEYS */;
UNLOCK TABLES;

--
-- Table structure for table `job`
--

DROP TABLE IF EXISTS `job`;
/*!40101 SET @saved_cs_client     = @@character_set_client */;
/*!50503 SET character_set_client = utf8mb4 */;
CREATE TABLE `job` (
  `id` bigint NOT NULL AUTO_INCREMENT,
  `form` enum('employment_contract','contract_of_service') NOT NULL,
  `person_id` bigint NOT NULL,
  `company_id` bigint NOT NULL,
  PRIMARY KEY (`id`),
  UNIQUE KEY `id` (`id`),
  KEY `person_id` (`person_id`),
  KEY `company_id` (`company_id`),
  CONSTRAINT `job_ibfk_1` FOREIGN KEY (`person_id`) REFERENCES `person` (`id`),
  CONSTRAINT `job_ibfk_2` FOREIGN KEY (`company_id`) REFERENCES `company` (`id`)
) ENGINE=InnoDB AUTO_INCREMENT=600 DEFAULT CHARSET=utf8mb4 COLLATE=utf8mb4_0900_ai_ci;
/*!40101 SET character_set_client = @saved_cs_client */;

--
-- Dumping data for table `job`
--

LOCK TABLES `job` WRITE;
/*!40000 ALTER TABLE `job` DISABLE KEYS */;
INSERT INTO `job` (`id`, `form`, `person_id`, `company_id`) VALUES (1,'contract_of_service',1,8),(2,'employment_contract',1,1),(3,'employment_contract',1,2),(5,'contract_of_service',1,1),(6,'contract_of_service',1,6),(7,'contract_of_service',1,3),(8,'contract_of_service',1,4),(9,'contract_of_service',1,7),(10,'employment_contract',2,5),(11,'contract_of_service',2,6),(12,'contract_of_service',2,7),(13,'employment_contract',2,2),(14,'contract_of_service',2,3),(15,'contract_of_service',3,6),(16,'contract_of_service',3,2),(17,'employment_contract',3,5),(18,'contract_of_service',3,4),(19,'contract_of_service',3,7),(20,'contract_of_service',4,3),(21,'contract_of_service',4,5),(22,'employment_contract',4,6),(23,'contract_of_service',4,7),(24,'employment_contract',4,1),(25,'employment_contract',5,3),(26,'employment_contract',5,5),(27,'employment_contract',5,6),(28,'contract_of_service',5,8),(29,'contract_of_service',5,2),(30,'employment_contract',6,1),(31,'contract_of_service',6,8),(32,'contract_of_service',6,5),(33,'employment_contract',6,2),(34,'employment_contract',6,7),(35,'employment_contract',7,3),(36,'contract_of_service',7,8),(37,'employment_contract',7,2),(38,'contract_of_service',7,5),(39,'contract_of_service',7,7),(40,'contract_of_service',8,2),(41,'employment_contract',8,6),(42,'contract_of_service',8,3),(43,'contract_of_service',8,8),(44,'contract_of_service',8,1),(45,'contract_of_service',9,6),(46,'contract_of_service',9,2),(47,'contract_of_service',9,3),(48,'employment_contract',9,7),(49,'contract_of_service',9,1),(50,'employment_contract',10,5),(51,'contract_of_service',10,2),(52,'contract_of_service',10,8),(53,'contract_of_service',10,4),(54,'employment_contract',10,6),(55,'employment_contract',11,1),(56,'employment_contract',11,4),(57,'employment_contract',11,6),(58,'employment_contract',11,8),(59,'employment_contract',11,2),(60,'employment_contract',12,7),(61,'contract_of_service',12,1),(62,'contract_of_service',12,6),(63,'contract_of_service',12,3),(64,'employment_contract',12,2),(65,'employment_contract',13,4),(66,'contract_of_service',13,5),(67,'contract_of_service',13,6),(68,'employment_contract',13,7),(69,'employment_contract',13,2),(70,'employment_contract',14,6),(71,'employment_contract',14,8),(72,'employment_contract',14,2),(73,'employment_contract',14,7),(74,'contract_of_service',14,5),(75,'employment_contract',15,3),(76,'employment_contract',15,6),(77,'employment_contract',15,5),(78,'contract_of_service',15,7),(79,'employment_contract',15,1),(80,'contract_of_service',16,7),(81,'employment_contract',16,5),(82,'employment_contract',16,4),(83,'contract_of_service',16,8),(84,'contract_of_service',16,6),(85,'employment_contract',17,2),(86,'contract_of_service',17,5),(87,'employment_contract',17,8),(88,'contract_of_service',17,1),(89,'employment_contract',17,7),(90,'contract_of_service',18,3),(91,'employment_contract',18,6),(92,'contract_of_service',18,8),(93,'contract_of_service',18,7),(94,'contract_of_service',18,2),(95,'contract_of_service',19,3),(96,'contract_of_service',19,1),(97,'employment_contract',19,6),(98,'contract_of_service',19,2),(99,'contract_of_service',19,4),(100,'employment_contract',20,8),(101,'contract_of_service',20,4),(102,'contract_of_service',20,3),(103,'contract_of_service',20,5),(104,'employment_contract',20,1),(105,'contract_of_service',21,7),(106,'employment_contract',21,3),(107,'employment_contract',21,4),(108,'employment_contract',21,1),(109,'employment_contract',21,5),(110,'employment_contract',22,1),(111,'contract_of_service',22,6),(112,'employment_contract',22,8),(113,'contract_of_service',22,5),(114,'employment_contract',22,7),(115,'employment_contract',23,2),(116,'contract_of_service',23,4),(117,'contract_of_service',23,6),(118,'employment_contract',23,3),(119,'employment_contract',23,8),(120,'employment_contract',24,5),(121,'employment_contract',24,7),(122,'employment_contract',24,4),(123,'employment_contract',24,2),(124,'employment_contract',24,6),(125,'contract_of_service',25,7),(126,'contract_of_service',25,4),(127,'employment_contract',25,3),(128,'employment_contract',25,6),(129,'employment_contract',25,5),(130,'contract_of_service',26,8),(131,'employment_contract',26,6),(132,'employment_contract',26,1),(133,'contract_of_service',26,7),(134,'contract_of_service',26,4),(135,'employment_contract',27,1),(136,'contract_of_service',27,7),(137,'contract_of_service',27,8),(138,'contract_of_service',27,3),(139,'employment_contract',27,5),(140,'contract_of_service',28,8),(141,'contract_of_service',28,7),(142,'contract_of_service',28,3),(143,'employment_contract',28,6),(144,'contract_of_service',28,2),(145,'contract_of_service',29,7),(146,'contract_of_service',29,3),(147,'contract_of_service',29,2),(148,'employment_contract',29,4),(149,'contract_of_service',29,8),(150,'employment_contract',30,3),(151,'employment_contract',30,1),(152,'employment_contract',30,4),(153,'employment_contract',30,2),(154,'contract_of_service',30,8),(155,'contract_of_service',31,8),(156,'employment_contract',31,3),(157,'employment_contract',31,7),(158,'employment_contract',31,4),(159,'employment_contract',31,5),(160,'employment_contract',32,4),(161,'contract_of_service',32,8),(162,'employment_contract',32,1),(163,'contract_of_service',32,6),(164,'employment_contract',32,2),(165,'employment_contract',33,8),(166,'employment_contract',33,3),(167,'contract_of_service',33,1),(168,'contract_of_service',33,6),(169,'employment_contract',33,4),(170,'contract_of_service',34,2),(171,'contract_of_service',34,5),(172,'contract_of_service',34,6),(173,'employment_contract',34,3),(174,'contract_of_service',34,7),(175,'employment_contract',35,4),(176,'employment_contract',35,6),(177,'employment_contract',35,8),(178,'contract_of_service',35,1),(179,'contract_of_service',35,2),(180,'contract_of_service',36,3),(181,'contract_of_service',36,6),(182,'contract_of_service',36,8),(183,'contract_of_service',36,5),(184,'contract_of_service',36,7),(185,'contract_of_service',37,5),(186,'contract_of_service',37,8),(187,'contract_of_service',37,4),(188,'contract_of_service',37,3),(189,'contract_of_service',37,7),(190,'employment_contract',38,8),(191,'employment_contract',38,2),(192,'employment_contract',38,6),(193,'employment_contract',38,7),(194,'employment_contract',38,4),(195,'employment_contract',39,5),(196,'employment_contract',39,7),(197,'employment_contract',39,8),(198,'employment_contract',39,3),(199,'contract_of_service',39,6),(200,'employment_contract',40,2),(201,'employment_contract',40,8),(202,'contract_of_service',40,1),(203,'employment_contract',40,7),(204,'employment_contract',40,3),(205,'contract_of_service',41,6),(206,'employment_contract',41,1),(207,'contract_of_service',41,3),(208,'contract_of_service',41,5),(209,'employment_contract',41,2),(210,'contract_of_service',42,6),(211,'employment_contract',42,4),(212,'contract_of_service',42,2),(213,'contract_of_service',42,3),(214,'contract_of_service',42,5),(215,'employment_contract',43,7),(216,'contract_of_service',43,6),(217,'contract_of_service',43,5),(218,'employment_contract',43,2),(219,'contract_of_service',43,4),(220,'employment_contract',44,2),(221,'employment_contract',44,5),(222,'employment_contract',44,7),(223,'employment_contract',44,4),(224,'contract_of_service',44,8),(225,'employment_contract',45,7),(226,'employment_contract',45,1),(227,'contract_of_service',45,3),(228,'contract_of_service',45,8),(229,'employment_contract',45,4),(230,'contract_of_service',46,3),(231,'employment_contract',46,5),(232,'employment_contract',46,6),(233,'contract_of_service',46,4),(234,'employment_contract',46,7),(235,'contract_of_service',47,6),(236,'employment_contract',47,1),(237,'contract_of_service',47,8),(238,'employment_contract',47,2),(239,'employment_contract',47,5),(240,'contract_of_service',48,7),(241,'employment_contract',48,1),(242,'employment_contract',48,8),(243,'contract_of_service',48,5),(244,'contract_of_service',48,3),(245,'employment_contract',49,5),(246,'employment_contract',49,2),(247,'contract_of_service',49,6),(248,'contract_of_service',49,4),(249,'contract_of_service',49,1),(250,'contract_of_service',50,7),(251,'contract_of_service',50,5),(252,'contract_of_service',50,6),(253,'contract_of_service',50,4),(254,'contract_of_service',50,3),(255,'contract_of_service',51,8),(256,'employment_contract',51,1),(257,'contract_of_service',51,4),(258,'contract_of_service',51,3),(259,'employment_contract',51,7),(260,'employment_contract',52,3),(261,'contract_of_service',52,6),(262,'employment_contract',52,4),(263,'contract_of_service',52,1),(264,'employment_contract',52,5),(265,'employment_contract',53,2),(266,'employment_contract',53,7),(267,'contract_of_service',53,5),(268,'employment_contract',53,6),(269,'contract_of_service',53,1),(270,'employment_contract',54,3),(271,'employment_contract',54,1),(272,'contract_of_service',54,4),(273,'contract_of_service',54,6),(274,'contract_of_service',54,5),(275,'employment_contract',55,4),(276,'contract_of_service',55,2),(277,'employment_contract',55,8),(278,'employment_contract',55,3),(279,'contract_of_service',55,5),(280,'contract_of_service',56,2),(281,'employment_contract',56,4),(282,'contract_of_service',56,1),(283,'employment_contract',56,5),(284,'contract_of_service',56,7),(285,'employment_contract',57,2),(286,'contract_of_service',57,8),(287,'employment_contract',57,6),(288,'employment_contract',57,1),(289,'employment_contract',57,4),(290,'employment_contract',58,3),(291,'contract_of_service',58,2),(292,'employment_contract',58,7),(293,'employment_contract',58,4),(294,'employment_contract',58,5),(295,'employment_contract',59,4),(296,'employment_contract',59,7),(297,'employment_contract',59,6),(298,'contract_of_service',59,1),(299,'contract_of_service',59,5),(300,'contract_of_service',60,1),(301,'contract_of_service',60,5),(302,'contract_of_service',60,2),(303,'contract_of_service',60,3),(304,'contract_of_service',60,6),(305,'employment_contract',61,6),(306,'employment_contract',61,2),(307,'employment_contract',61,5),(308,'employment_contract',61,7),(309,'employment_contract',61,3),(310,'contract_of_service',62,3),(311,'contract_of_service',62,1),(312,'contract_of_service',62,7),(313,'employment_contract',62,5),(314,'contract_of_service',62,4),(315,'employment_contract',63,6),(316,'employment_contract',63,7),(317,'contract_of_service',63,8),(318,'contract_of_service',63,4),(319,'contract_of_service',63,1),(320,'contract_of_service',64,5),(321,'contract_of_service',64,1),(322,'employment_contract',64,6),(323,'contract_of_service',64,8),(324,'contract_of_service',64,2),(325,'contract_of_service',65,1),(326,'contract_of_service',65,5),(327,'employment_contract',65,4),(328,'employment_contract',65,6),(329,'employment_contract',65,8),(330,'employment_contract',66,8),(331,'employment_contract',66,3),(332,'contract_of_service',66,4),(333,'employment_contract',66,6),(334,'contract_of_service',66,7),(335,'employment_contract',67,4),(336,'employment_contract',67,2),(337,'employment_contract',67,8),(338,'employment_contract',67,1),(339,'contract_of_service',67,7),(340,'employment_contract',68,6),(341,'contract_of_service',68,1),(342,'contract_of_service',68,4),(343,'contract_of_service',68,8),(344,'contract_of_service',68,7),(345,'contract_of_service',69,2),(346,'contract_of_service',69,1),(347,'employment_contract',69,6),(348,'employment_contract',69,7),(349,'contract_of_service',69,5),(350,'contract_of_service',70,7),(351,'contract_of_service',70,1),(352,'contract_of_service',70,5),(353,'employment_contract',70,2),(354,'employment_contract',70,6),(355,'contract_of_service',71,5),(356,'employment_contract',71,8),(357,'employment_contract',71,3),(358,'contract_of_service',71,1),(359,'employment_contract',71,7),(360,'contract_of_service',72,5),(361,'employment_contract',72,7),(362,'contract_of_service',72,2),(363,'contract_of_service',72,6),(364,'employment_contract',72,8),(365,'contract_of_service',73,8),(366,'employment_contract',73,6),(367,'contract_of_service',73,3),(368,'employment_contract',73,1),(369,'employment_contract',73,7),(370,'contract_of_service',74,2),(371,'contract_of_service',74,3),(372,'contract_of_service',74,6),(373,'contract_of_service',74,8),(374,'contract_of_service',74,7),(375,'contract_of_service',75,3),(376,'employment_contract',75,7),(377,'contract_of_service',75,5),(378,'employment_contract',75,2),(379,'employment_contract',75,6),(380,'employment_contract',76,7),(381,'employment_contract',76,3),(382,'contract_of_service',76,8),(383,'contract_of_service',76,4),(384,'contract_of_service',76,6),(385,'contract_of_service',77,8),(386,'contract_of_service',77,1),(387,'contract_of_service',77,7),(388,'contract_of_service',77,2),(389,'employment_contract',77,4),(390,'contract_of_service',78,2),(391,'contract_of_service',78,7),(392,'contract_of_service',78,4),(393,'employment_contract',78,6),(394,'contract_of_service',78,3),(395,'employment_contract',79,8),(396,'contract_of_service',79,4),(397,'contract_of_service',79,6),(398,'contract_of_service',79,3),(399,'employment_contract',79,2),(400,'employment_contract',80,5),(401,'contract_of_service',80,8),(402,'employment_contract',80,4),(403,'employment_contract',80,1),(404,'employment_contract',80,7),(405,'employment_contract',81,3),(406,'employment_contract',81,5),(407,'contract_of_service',81,7),(408,'contract_of_service',81,8),(409,'contract_of_service',81,2),(410,'contract_of_service',82,2),(411,'employment_contract',82,8),(412,'contract_of_service',82,5),(413,'contract_of_service',82,6),(414,'employment_contract',82,3),(415,'contract_of_service',83,6),(416,'contract_of_service',83,4),(417,'contract_of_service',83,8),(418,'contract_of_service',83,3),(419,'contract_of_service',83,5),(420,'employment_contract',84,4),(421,'contract_of_service',84,6),(422,'employment_contract',84,1),(423,'contract_of_service',84,3),(424,'employment_contract',84,5),(425,'contract_of_service',85,3),(426,'employment_contract',85,8),(427,'contract_of_service',85,6),(428,'employment_contract',85,5),(429,'contract_of_service',85,4),(430,'employment_contract',86,1),(431,'employment_contract',86,5),(432,'contract_of_service',86,4),(433,'contract_of_service',86,8),(434,'contract_of_service',86,6),(435,'contract_of_service',87,2),(436,'contract_of_service',87,5),(437,'employment_contract',87,7),(438,'contract_of_service',87,1),(439,'employment_contract',87,6),(440,'employment_contract',88,7),(441,'contract_of_service',88,1),(442,'contract_of_service',88,8),(443,'contract_of_service',88,5),(444,'contract_of_service',88,3),(445,'contract_of_service',89,2),(446,'employment_contract',89,6),(447,'employment_contract',89,5),(448,'contract_of_service',89,4),(449,'employment_contract',89,7),(450,'contract_of_service',90,8),(451,'employment_contract',90,1),(452,'employment_contract',90,4),(453,'employment_contract',90,7),(454,'contract_of_service',90,5),(455,'employment_contract',91,4),(456,'contract_of_service',91,5),(457,'employment_contract',91,1),(458,'contract_of_service',91,2),(459,'employment_contract',91,3),(460,'contract_of_service',92,1),(461,'contract_of_service',92,3),(462,'contract_of_service',92,7),(463,'contract_of_service',92,5),(464,'contract_of_service',92,2),(465,'employment_contract',93,3),(466,'employment_contract',93,5),(467,'employment_contract',93,4),(468,'employment_contract',93,2),(469,'contract_of_service',93,6),(470,'contract_of_service',94,4),(471,'employment_contract',94,1),(472,'contract_of_service',94,5),(473,'contract_of_service',94,3),(474,'employment_contract',94,2),(475,'contract_of_service',95,1),(476,'contract_of_service',95,2),(477,'contract_of_service',95,3),(478,'employment_contract',95,6),(479,'contract_of_service',95,4),(480,'contract_of_service',96,6),(481,'contract_of_service',96,7),(482,'contract_of_service',96,3),(483,'employment_contract',96,1),(484,'employment_contract',96,4),(485,'contract_of_service',97,5),(486,'contract_of_service',97,2),(487,'employment_contract',97,6),(488,'employment_contract',97,7),(489,'contract_of_service',97,3),(490,'contract_of_service',98,6),(491,'employment_contract',98,4),(492,'employment_contract',98,2),(493,'contract_of_service',98,5),(494,'employment_contract',98,8),(495,'contract_of_service',99,8),(496,'contract_of_service',99,4),(497,'employment_contract',99,5),(498,'employment_contract',99,6),(499,'employment_contract',99,7),(500,'contract_of_service',100,3),(501,'contract_of_service',100,1),(502,'employment_contract',100,4),(503,'employment_contract',100,2),(504,'employment_contract',100,6),(505,'contract_of_service',101,6),(506,'employment_contract',101,4),(507,'employment_contract',101,1),(508,'contract_of_service',101,3),(509,'contract_of_service',101,8),(510,'employment_contract',102,7),(511,'contract_of_service',102,8),(512,'contract_of_service',102,4),(513,'contract_of_service',102,1),(514,'employment_contract',102,3),(515,'employment_contract',103,7),(516,'contract_of_service',103,3),(517,'contract_of_service',103,4),(518,'employment_contract',103,8),(519,'contract_of_service',103,6),(520,'contract_of_service',104,8),(521,'employment_contract',104,5),(522,'employment_contract',104,4),(523,'contract_of_service',104,7),(524,'contract_of_service',104,1),(525,'employment_contract',105,5),(526,'contract_of_service',105,3),(527,'contract_of_service',105,7),(528,'employment_contract',105,8),(529,'contract_of_service',105,2),(530,'contract_of_service',106,6),(531,'employment_contract',106,3),(532,'employment_contract',106,8),(533,'contract_of_service',106,7),(534,'employment_contract',106,1),(535,'employment_contract',107,1),(536,'employment_contract',107,8),(537,'contract_of_service',107,4),(538,'employment_contract',107,3),(539,'employment_contract',107,5),(540,'employment_contract',108,2),(541,'contract_of_service',108,3),(542,'employment_contract',108,4),(543,'contract_of_service',108,8),(544,'contract_of_service',108,6),(545,'employment_contract',109,6),(546,'contract_of_service',109,2),(547,'contract_of_service',109,7),(548,'contract_of_service',109,1),(549,'contract_of_service',109,8),(550,'contract_of_service',110,7),(551,'contract_of_service',110,5),(552,'contract_of_service',110,3),(553,'contract_of_service',110,2),(554,'contract_of_service',110,1),(555,'contract_of_service',111,3),(556,'contract_of_service',111,6),(557,'employment_contract',111,4),(558,'employment_contract',111,8),(559,'contract_of_service',111,2),(560,'contract_of_service',112,6),(561,'employment_contract',112,5),(562,'employment_contract',112,4),(563,'contract_of_service',112,8),(564,'employment_contract',112,3),(565,'employment_contract',113,4),(566,'contract_of_service',113,5),(567,'employment_contract',113,6),(568,'employment_contract',113,1),(569,'contract_of_service',113,8),(570,'employment_contract',114,3),(571,'employment_contract',114,1),(572,'contract_of_service',114,8),(573,'employment_contract',114,2),(574,'contract_of_service',114,5),(575,'contract_of_service',115,3),(576,'contract_of_service',115,6),(577,'contract_of_service',115,8),(578,'employment_contract',115,5),(579,'employment_contract',115,2),(580,'contract_of_service',116,5),(581,'contract_of_service',116,4),(582,'employment_contract',116,1),(583,'contract_of_service',116,3),(584,'contract_of_service',116,6),(585,'contract_of_service',117,1),(586,'employment_contract',117,5),(587,'contract_of_service',117,4),(588,'contract_of_service',117,8),(589,'contract_of_service',117,2),(590,'contract_of_service',118,6),(591,'employment_contract',118,1),(592,'employment_contract',118,7),(593,'employment_contract',118,5),(594,'contract_of_service',118,4),(595,'contract_of_service',119,5),(596,'employment_contract',119,1),(597,'contract_of_service',119,3),(598,'employment_contract',119,6),(599,'employment_contract',119,7);
/*!40000 ALTER TABLE `job` ENABLE KEYS */;
UNLOCK TABLES;

--
-- Table structure for table `person`
--

DROP TABLE IF EXISTS `person`;
/*!40101 SET @saved_cs_client     = @@character_set_client */;
/*!50503 SET character_set_client = utf8mb4 */;
CREATE TABLE `person` (
  `id` bigint NOT NULL AUTO_INCREMENT,
  `name` varchar(20) NOT NULL,
  `surname` varchar(50) NOT NULL,
  `birth_date` date NOT NULL,
  `gender` enum('male','female') NOT NULL,
  `salary` int DEFAULT NULL,
  `mother_id` bigint DEFAULT NULL,
  `father_id` bigint DEFAULT NULL,
  `spouse_id` bigint DEFAULT NULL,
  PRIMARY KEY (`id`),
  UNIQUE KEY `id` (`id`),
  KEY `mother_id` (`mother_id`),
  KEY `father_id` (`father_id`),
  KEY `spouse_id` (`spouse_id`),
  CONSTRAINT `person_ibfk_1` FOREIGN KEY (`mother_id`) REFERENCES `person` (`id`),
  CONSTRAINT `person_ibfk_2` FOREIGN KEY (`father_id`) REFERENCES `person` (`id`),
  CONSTRAINT `person_ibfk_3` FOREIGN KEY (`spouse_id`) REFERENCES `person` (`id`)
) ENGINE=InnoDB AUTO_INCREMENT=121 DEFAULT CHARSET=utf8mb4 COLLATE=utf8mb4_0900_ai_ci;
/*!40101 SET character_set_client = @saved_cs_client */;

--
-- Dumping data for table `person`
--

LOCK TABLES `person` WRITE;
/*!40000 ALTER TABLE `person` DISABLE KEYS */;
INSERT INTO `person` (`id`, `name`, `surname`, `birth_date`, `gender`, `salary`, `mother_id`, `father_id`, `spouse_id`) VALUES (1,'BARTOSZ','WALCZAK','1920-06-16','male',6285,NULL,NULL,11),(2,'HENRYK','JAWORSKI','1913-11-14','male',4008,NULL,NULL,12),(3,'JULIAN','BARAN','1910-09-18','male',6034,NULL,NULL,13),(4,'PAWEL','SIKORA','1916-03-06','male',5470,NULL,NULL,14),(5,'SLAWOMIR','WILK','1904-07-04','male',8006,NULL,NULL,15),(6,'TADEUSZ','JABLONSKI','1904-08-21','male',676,NULL,NULL,16),(7,'WIESLAW','OSTROWSKI','1917-09-16','male',7565,NULL,NULL,17),(8,'BOGDAN','CZERWINSKI','1900-07-27','male',944,NULL,NULL,NULL),(9,'SERHII','JAKUBOWSKI','1920-03-24','male',6247,NULL,NULL,NULL),(10,'PRZEMYSLAW','PAWLOWSKI','1906-07-01','male',4239,NULL,NULL,NULL),(11,'ALEKSANDRA','KWIATKOWSKA','1910-08-30','female',1514,NULL,NULL,1),(12,'SANDRA','WLODARCZYK','1904-11-05','female',4637,NULL,NULL,2),(13,'LIDIA','DUDEK','1904-11-30','female',722,NULL,NULL,3),(14,'IZABELA','PIOTROWSKA','1919-07-22','female',1376,NULL,NULL,4),(15,'KORNELIA','PAWLOWSKA','1909-10-11','female',5194,NULL,NULL,5),(16,'EMILIA','WALCZAK','1914-03-08','female',8061,NULL,NULL,6),(17,'URSZULA','MALINOWSKA','1909-08-13','female',270,NULL,NULL,7),(18,'VIKTORIIA','CZARNECKA','1910-09-04','female',672,NULL,NULL,NULL),(19,'HANNA','SZCZEPANSKA','1916-06-29','female',2245,NULL,NULL,NULL),(20,'TETIANA','SIKORA','1909-09-08','female',661,NULL,NULL,NULL),(21,'FILIP','WLODARCZYK','1920-03-08','male',1957,NULL,NULL,31),(22,'FILIP','MAJEWSKI','1939-06-28','male',6887,NULL,NULL,32),(23,'IRENEUSZ','SZYMANSKI','1938-07-03','male',5079,NULL,NULL,33),(24,'BARTLOMIEJ','SADOWSKI','1926-09-17','male',7666,NULL,NULL,34),(25,'OLEKSANDR','SIKORSKI','1921-08-15','male',5025,NULL,NULL,35),(26,'WLODZIMIERZ','SIKORA','1925-06-26','male',7547,NULL,NULL,36),(27,'WOJCIECH','PAWLAK','1937-12-21','male',4867,NULL,NULL,37),(28,'KACPER','KAZMIERCZAK','1926-03-22','male',3612,NULL,NULL,NULL),(29,'JÓZEF','KUCHARSKI','1940-04-03','male',3182,NULL,NULL,NULL),(30,'ANDRZEJ','BARANOWSKI','1932-07-23','male',2349,NULL,NULL,NULL),(31,'JANINA','WOJCIK','1933-07-28','female',2026,NULL,NULL,21),(32,'LUCJA','WASILEWSKA','1925-02-26','female',6578,NULL,NULL,22),(33,'GRAZYNA','BARANOWSKA','1936-01-22','female',6385,NULL,NULL,23),(34,'ALEKSANDRA','ZIELINSKA','1921-04-11','female',4956,NULL,NULL,24),(35,'BOGUMILA','ZALEWSKA','1929-05-16','female',2835,NULL,NULL,25),(36,'ALEKSANDRA','WROBEL','1939-02-09','female',2182,NULL,NULL,26),(37,'MALGORZATA','WALCZAK','1926-06-18','female',7462,NULL,NULL,27),(38,'KAMILA','WYSOCKA','1924-02-28','female',7165,NULL,NULL,NULL),(39,'MAGDALENA','GRABOWSKA','1921-11-06','female',4103,NULL,NULL,NULL),(40,'SANDRA','GAJEWSKA','1935-11-24','female',5110,NULL,NULL,NULL),(41,'ZYGMUNT','WROBLEWSKI','1940-10-22','male',335,17,7,51),(42,'MARCEL','BRZEZINSKI','1945-01-16','male',7979,19,9,52),(43,'OSKAR','BRZEZINSKI','1958-10-28','male',3725,17,7,53),(44,'IVAN','PAWLOWSKI','1954-10-25','male',2602,14,4,54),(45,'WLODZIMIERZ','GORSKI','1950-03-27','male',4553,13,3,55),(46,'MARIAN','BAK','1943-09-20','male',3007,13,3,56),(47,'BARTLOMIEJ','MAJEWSKI','1954-08-12','male',2850,12,2,57),(48,'WALDEMAR','BRZEZINSKI','1960-12-10','male',1711,12,2,NULL),(49,'CEZARY','SAWICKI','1957-12-27','male',6258,11,1,NULL),(50,'ARTUR','SIKORSKI','1960-03-08','male',7851,32,22,NULL),(51,'LIDIA','KRAWCZYK','1947-01-16','female',5677,38,28,41),(52,'DOROTA','MAZUREK','1954-04-25','female',6798,33,23,42),(53,'YULIIA','WIECZOREK','1946-08-14','female',392,31,21,43),(54,'ALINA','KAMINSKA','1957-07-05','female',3173,35,25,44),(55,'ELZBIETA','NOWAK','1940-09-05','female',170,34,24,45),(56,'NATALIIA','ZIOLKOWSKA','1958-02-28','female',6174,32,22,46),(57,'JUSTYNA','ZALEWSKA','1944-07-14','female',6457,33,23,47),(58,'BARBARA','MAZUR','1957-08-12','female',3872,35,25,NULL),(59,'ELZBIETA','MACIEJEWSKA','1958-07-08','female',3473,32,22,NULL),(60,'HALINA','SAWICKA','1952-06-13','female',5004,31,21,NULL),(61,'STEFAN','URBANSKI','1972-07-20','male',6945,32,22,71),(62,'ZENON','PAWLAK','1974-03-20','male',7293,33,23,72),(63,'NIKODEM','MROZ','1978-02-16','male',4916,39,29,73),(64,'DMYTRO','LIS','1963-12-22','male',3513,36,26,74),(65,'BARTOSZ','KACZMAREK','1980-05-04','male',3219,33,23,75),(66,'DOMINIK','CZERWINSKI','1960-08-12','male',3998,35,25,76),(67,'ZYGMUNT','DABROWSKI','1977-10-30','male',4011,33,23,77),(68,'KAZIMIERZ','CIESLAK','1975-12-28','male',7572,37,27,NULL),(69,'MAKSYMILIAN','MICHALSKI','1979-02-16','male',5903,33,23,NULL),(70,'MARIAN','BLASZCZYK','1960-05-30','male',1683,56,46,NULL),(71,'SYLWIA','BLASZCZYK','1965-04-27','female',2621,59,49,61),(72,'MARLENA','ADAMCZYK','1977-08-24','female',6043,57,47,62),(73,'ANETA','ZAWADZKA','1966-04-23','female',6621,52,42,63),(74,'ALINA','JANKOWSKA','1963-11-02','female',5540,52,42,64),(75,'SVITLANA','WLODARCZYK','1973-05-09','female',5595,59,49,65),(76,'ANTONINA','DABROWSKA','1971-08-16','female',2736,51,41,66),(77,'EWA','ZAWADZKA','1961-09-15','female',5240,52,42,67),(78,'AGATA','JABLONSKA','1970-05-07','female',3247,57,47,NULL),(79,'SVITLANA','KOLODZIEJ','1971-12-27','female',164,58,48,NULL),(80,'MONIKA','LIS','1962-03-11','female',3856,54,44,NULL),(81,'FILIP','SZULC','1991-07-14','male',6498,54,44,91),(82,'DANIEL','CZERWINSKI','1992-07-09','male',5456,57,47,92),(83,'STEFAN','SAWICKI','1995-06-17','male',7571,52,42,93),(84,'JANUSZ','STEPIEN','1986-08-25','male',6016,58,48,94),(85,'KRZYSZTOF','KOWALCZYK','1982-12-01','male',7236,55,45,95),(86,'BARTLOMIEJ','ZAWADZKI','1994-02-26','male',8018,51,41,96),(87,'IGOR','SADOWSKI','1985-12-11','male',6852,56,46,97),(88,'KAZIMIERZ','KOWALSKI','1996-10-06','male',7311,57,47,NULL),(89,'NORBERT','GORSKI','1981-09-03','male',6777,54,44,NULL),(90,'LESZEK','STEPIEN','1986-04-04','male',5402,71,61,NULL),(91,'MARIANNA','CZERWINSKA','1983-02-27','female',2338,79,69,81),(92,'JUSTYNA','ANDRZEJEWSKA','1989-09-09','female',6298,72,62,82),(93,'KATARZYNA','GAJEWSKA','1989-11-04','female',2956,71,61,83),(94,'MARZENA','WITKOWSKA','1989-08-14','female',4302,77,67,84),(95,'NATALIA','SAWICKA','1993-12-28','female',5977,72,62,85),(96,'MAJA','KACZMARCZYK','1991-05-10','female',201,78,68,86),(97,'SABINA','SOKOLOWSKA','1986-02-11','female',1661,74,64,87),(98,'NIKOLA','KAZMIERCZAK','1996-03-09','female',6679,75,65,NULL),(99,'RENATA','KACZMAREK','1995-06-26','female',5777,78,68,NULL),(100,'MARLENA','WYSOCKA','1991-03-24','female',7771,72,62,NULL),(101,'MARCIN','KRAWCZYK','2019-06-15','male',4710,77,67,111),(102,'MARIUSZ','GLOWACKI','2016-03-03','male',1630,78,68,112),(103,'LESZEK','WOZNIAK','2017-04-12','male',6551,72,62,113),(104,'WITOLD','NOWAK','2000-11-03','male',6036,71,61,114),(105,'PIOTR','KOWALSKI','2007-08-15','male',3718,74,64,115),(106,'WIKTOR','SOKOLOWSKI','2012-04-05','male',7779,79,69,116),(107,'IVAN','RUTKOWSKI','2016-07-22','male',7062,74,64,117),(108,'IVAN','LASKOWSKI','2003-05-18','male',7698,77,67,NULL),(109,'MARCEL','PAWLAK','2008-02-11','male',7184,75,65,NULL),(110,'KRYSTIAN','SADOWSKI','2015-02-15','male',1458,97,87,NULL),(111,'EWA','ZALEWSKA','2000-05-21','female',1417,91,81,101),(112,'EDYTA','ZAWADZKA','2003-08-17','female',5154,96,86,102),(113,'MICHALINA','CZERWINSKA','2010-11-13','female',6262,92,82,103),(114,'ANNA','SIKORA','2012-03-27','female',2384,94,84,104),(115,'MALGORZATA','WOZNIAK','2009-10-15','female',7329,95,85,105),(116,'LUCYNA','BRZEZINSKA','2013-08-25','female',7229,97,87,106),(117,'AMELIA','KROL','2005-09-29','female',5868,91,81,107),(118,'NIKOLA','CZERWINSKA','2020-09-08','female',7323,93,83,NULL),(119,'KLAUDIA','BRZEZINSKA','2013-04-25','female',3790,99,89,NULL),(120,'IRYNA','NOWICKA','2013-11-16','female',656,96,86,NULL);
/*!40000 ALTER TABLE `person` ENABLE KEYS */;
UNLOCK TABLES;
/*!40103 SET TIME_ZONE=@OLD_TIME_ZONE */;

/*!40101 SET SQL_MODE=@OLD_SQL_MODE */;
/*!40014 SET FOREIGN_KEY_CHECKS=@OLD_FOREIGN_KEY_CHECKS */;
/*!40014 SET UNIQUE_CHECKS=@OLD_UNIQUE_CHECKS */;
/*!40101 SET CHARACTER_SET_CLIENT=@OLD_CHARACTER_SET_CLIENT */;
/*!40101 SET CHARACTER_SET_RESULTS=@OLD_CHARACTER_SET_RESULTS */;
/*!40101 SET COLLATION_CONNECTION=@OLD_COLLATION_CONNECTION */;
/*!40111 SET SQL_NOTES=@OLD_SQL_NOTES */;

-- Dump completed on 2023-08-23 17:09:20
